Intent,Entity1,Entity2,Action,ActionSubclass,Answer
Who Or What is it?,attend,orientation,Direct,Low Entropy,"It is not required, but highly encouraged for full-time employees.  You will gain valuable information and resources that will assist you in becoming acclimated to the company."
Who Or What is it?,receive,paycheck,Direct,Low Entropy,Your first paycheck will be deposited the last Friday of the month in which you were hired. 
Who Or What is it?,upload,timesheet,Direct,Low Entropy,"Please submit your timesheet on our timesheet portal at (https://company.secure.force.com/Generalist/Login)
"
Who Or What is it?,check,deposit,Direct,Low Entropy,We need official documentation of your routing and account numbers before we make a deposit. This will help ensure that you are paid on time.
Who Or What is it?,it,ticket,Knowledgebase,Medium Entropy,Please refer to out knowledge base article https://goo.gl/UwKdVW
