Intent,Entity1,Entity2,Action,ActionSubclass
Who Or What is it?,attend,orientation,Direct,Low Entropy
Who Or What is it?,it,ticket,Knowledgebase,Medium Entropy
Who Or What is it?,suggestions,movie,Crowdsource,"High Entropy (opinions,suggestions)"
Who Or What is it?,schedule,first,PDM,PDM Best Person To Answer
Who Or What is it?,receive,paycheck,Direct,Low Entropy
Who Or What is it?,upload,timesheet,Direct,Low Entropy
Who Or What is it?,largest,conference,Query,Medium Entropy
Who Or What is it?,problem,computer,Query,Medium Entropy
Who Or What is it?,team,members,PDM,PDM Best Person To Answer
Who Or What is it?,check,deposit,Direct,Low Entropy
