Question,SensitiveFlag
Am I required to attend the New Employee Welcome and Benefits Orientation program?,0
How do I open an IT ticket if I have an issue?,0
Is there any good movie suggestions for consultants?,0
What is my salary compensation structure?,1
What will my schedule look like on my first day? My first week?,0
What do I do if I have to travel before I get my AMEX card?,0
When will I receive my first paycheck?,0
Where can I enroll?,0
Where can I upload my timesheet?,0
Which is the largest conference room that I can book?,0
Who should I contact if there is a problem with my computer?,0
Who are my team members and what are their roles?,0
Why do I need to send in a copy of a voided check or bank letter if I am selecting direct deposit?,0
