Question,Intent,Entity1,Entity2
Am I required to attend the New Employee Welcome and Benefits Orientation program?,Who Or What is it?,attend,orientation
How do I open an IT ticket if I have an issue?,Who Or What is it?,it,ticket
Is there any good movie suggestions for consultants?,Who Or What is it?,suggestions,movie
What will my schedule look like on my first day? My first week?,Who Or What is it?,schedule,first
What do I do if I have to travel before I get my AMEX card?,Who Or What is it?,before,card
When will I receive my first paycheck?,Who Or What is it?,receive,paycheck
Where can I upload my timesheet?,Who Or What is it?,upload,timesheet
Which is the largest conference room that I can book?,Who Or What is it?,largest,conference
Who should I contact if there is a problem with my computer?,Who Or What is it?,problem,computer
Who are my team members and what are their roles?,Who Or What is it?,team,members
Why do I need to send in a copy of a voided check or bank letter if I am selecting direct deposit?,Who Or What is it?,check,deposit
How are you?,When is it?,greet,you
"Can be a manager, are you the right person?",When is it?,automation,international
How to reduce workload for manager?,When is it?,portal,software
Manager are improving workload to what?,When is it?,fees,fare
Right person will be the managers?,When is it?,fit,reporting
How are managers chosen to be the right people for job?,When is it?,device,premium
How are your manager?,When is it?,market,shares
Manager is doing a good workload balance?,When is it?,internet,wifi
Can I ask manager how are you?,When is it?,technological,phone
How are you sure is what manager asks?,When is it?,skill,efficiency
Manager will they choose the right people?,When is it?,health,plan
